{"cameraMode":{"drawMode":0,"name":"Shaded","section":"Shading Mode"},"sceneLighting":true,"audioPlay":false,"sceneViewState":{"showFog":true,"showMaterialUpdate":false,"showSkybox":true,"showFlares":true,"showImageEffects":true,"showParticleSystems":true},"in2DMode":false,"pivot":{"x":3.3325748443603517,"y":0.7050328254699707,"z":-19.659496307373048},"rotation":{"x":0.0023840905632823707,"y":-0.995657742023468,"z":-0.02658052183687687,"w":-0.08924225717782974},"size":27.41600227355957,"orthographic":false}