{"cameraMode":{"drawMode":0,"name":"Shaded","section":"Shading Mode"},"sceneLighting":true,"audioPlay":false,"sceneViewState":{"showFog":true,"showMaterialUpdate":false,"showSkybox":true,"showFlares":true,"showImageEffects":true,"showParticleSystems":true},"in2DMode":false,"pivot":{"x":335.1760559082031,"y":-88.34307861328125,"z":-18.010995864868165},"rotation":{"x":0.0918230414390564,"y":0.7028029561042786,"z":-0.09221605211496353,"w":0.6994320750236511},"size":381.504638671875,"orthographic":false}