{"cameraMode":{"drawMode":0,"name":"Shaded","section":"Shading Mode"},"sceneLighting":true,"audioPlay":false,"sceneViewState":{"showFog":true,"showMaterialUpdate":false,"showSkybox":true,"showFlares":true,"showImageEffects":true,"showParticleSystems":true},"in2DMode":false,"pivot":{"x":19.901077270507814,"y":14.623136520385743,"z":-7.813265323638916},"rotation":{"x":0.2067193239927292,"y":-0.573818564414978,"z":0.15253037214279176,"w":0.7776722311973572},"size":10.0,"orthographic":false}