{"cameraMode":{"drawMode":0,"name":"Shaded","section":"Shading Mode"},"sceneLighting":false,"audioPlay":false,"sceneViewState":{"showFog":true,"showMaterialUpdate":false,"showSkybox":false,"showFlares":true,"showImageEffects":true,"showParticleSystems":true},"in2DMode":false,"pivot":{"x":-1.25102698802948,"y":-0.43693578243255618,"z":0.1305404007434845},"rotation":{"x":0.16484814882278443,"y":-0.6720045804977417,"z":0.1572108417749405,"w":0.7046520113945007},"size":3.1186304092407228,"orthographic":false}