{"cameraMode":{"drawMode":0,"name":"Shaded","section":"Shading Mode"},"sceneLighting":false,"audioPlay":false,"sceneViewState":{"showFog":true,"showMaterialUpdate":false,"showSkybox":false,"showFlares":true,"showImageEffects":true,"showParticleSystems":true},"in2DMode":false,"pivot":{"x":-0.1414472609758377,"y":-0.6530459523200989,"z":1.3544199466705323},"rotation":{"x":-0.19865179061889649,"y":0.35430365800857546,"z":-0.07730057835578919,"w":-0.9105121493339539},"size":4.041658401489258,"orthographic":false}