{"cameraMode":{"drawMode":0,"name":"Shaded","section":"Shading Mode"},"sceneLighting":false,"audioPlay":false,"sceneViewState":{"showFog":true,"showMaterialUpdate":false,"showSkybox":false,"showFlares":true,"showImageEffects":true,"showParticleSystems":true},"in2DMode":false,"pivot":{"x":0.29599830508232119,"y":0.5064181089401245,"z":0.5445964932441711},"rotation":{"x":-0.17693056166172028,"y":0.5097458958625794,"z":-0.10801434516906738,"w":-0.834978461265564},"size":2.8578836917877199,"orthographic":false}