{"cameraMode":{"drawMode":0,"name":"Shaded","section":"Shading Mode"},"sceneLighting":true,"audioPlay":false,"sceneViewState":{"showFog":true,"showMaterialUpdate":false,"showSkybox":true,"showFlares":true,"showImageEffects":true,"showParticleSystems":true},"in2DMode":false,"pivot":{"x":4.233669281005859,"y":3.979010581970215,"z":5.2943501472473148},"rotation":{"x":0.2066524624824524,"y":-0.6478036642074585,"z":0.18895362317562104,"w":0.7084823250770569},"size":22.0,"orthographic":false}