{"cameraMode":{"drawMode":0,"name":"Shaded","section":"Shading Mode"},"sceneLighting":true,"audioPlay":false,"sceneViewState":{"showFog":true,"showMaterialUpdate":false,"showSkybox":true,"showFlares":true,"showImageEffects":true,"showParticleSystems":true},"in2DMode":false,"pivot":{"x":0.75838702917099,"y":2.923826217651367,"z":1.541482925415039},"rotation":{"x":0.0025362628512084486,"y":0.9821051955223084,"z":-0.18786025047302247,"w":0.01325923576951027},"size":22.0,"orthographic":false}