{"cameraMode":{"drawMode":0,"name":"Shaded","section":"Shading Mode"},"sceneLighting":false,"audioPlay":false,"sceneViewState":{"showFog":true,"showMaterialUpdate":false,"showSkybox":false,"showFlares":true,"showImageEffects":true,"showParticleSystems":true},"in2DMode":false,"pivot":{"x":-1.5035545825958253,"y":-0.742262065410614,"z":-0.046100128442049029},"rotation":{"x":0.15561534464359284,"y":-0.7072999477386475,"z":0.1643487960100174,"w":0.6697119474411011},"size":3.4292080402374269,"orthographic":false}